17359386	﻿LKM512 yogurt consumption improves the intestinal environment and induces the T-helper type 1 cytokine in adult patients with intractable atopic dermatitis
29769003	Influence of Probiotics on Dietary Protein Digestion and Utilization in the Gastrointestinal Tract.
29153882	Identification of probiotic effector molecules: present state and future perspectives.
32250747	Aflatoxins biodetoxification strategies based on probiotic bacteria.
23320906	Probiotic fermented sausage: viability of probiotic microorganisms and sensory characteristics.
33672760	Development of a Genome-Scale Metabolic Model and Phenome Analysis of the Probiotic Escherichia coli Strain Nissle 1917.
30004273	Metabolomics and Lipidomics Approaches in the Science of Probiotics: A Review.
30583046	Potential mechanism of nitrite degradation by Lactobacillus fermentum RC4 based on proteomic analysis.
34023682	"Growth, survival, and metabolic activities of probiotics Lactobacillus rhamnosus GG and Saccharomyces cerevisiae var. boulardii CNCM-I745 in fermented coffee brews."
	Metabolomic profiling of oxalate-degrading probiotic Lactobacillus acidophilus and Lactobacillus gasseri.
32384794	Metabolic and Lipidomic Profiling of Vegetable Juices Fermented with Various Probiotics.
	African traditional fermented foods and probiotics.
21559529	Exploring metabolic pathway reconstruction and genome-wide expression profiling in Lactobacillus reuteri to define functional probiotic features.
31834968	Impact of Acerola (Malpighia emarginata DC) Byproduct and Probiotic Strains on Technological and Sensory Features of Fermented Soy Beverages.
21943727	Invited review: Application of omics tools to understanding probiotic functionality.
24635204	Cytotoxicity of lapachol metabolites produced by probiotics.
29705796	Clostridium Tyrobutyricum Protect Intestinal Barrier Function from LPS-Induced Apoptosis via P38/JNK Signaling Pathway in IPEC-J2 Cells.
28854862	Pediococcus acidolactici and Pediococcus pentosaceus isolated from a rainbow trout ecosystem have probiotic and ABF1 adsorbing/degrading abilities in vitro.
32214369	Reduction in biogenic amines in douchi fermented by probiotic bacteria.
	Survival and Metabolic Activity of Pediocin Producer Pediococcus acidilactici UL5: Its Impact on Intestinal Microbiota and Listeria monocytogenes in a Model of the Human Terminal Ileum.
20108273	Biosynthesis of metal and oxide nanoparticles using Lactobacilli from yoghurt and probiotic spore tablets.
25841008	Differential Metabolism of Exopolysaccharides from Probiotic Lactobacilli by the Human Gut Symbiont Bacteroides thetaiotaomicron.
29803439	Increasing the folate content of tuber based foods using potentially probiotic lactic acid bacteria.
27442847	Supplementation with fruit and okara soybean by-products and amaranth flour increases the folate production by starter and probiotic cultures.
17349084	Survival and metabolic activity of selected strains of Propionibacterium freudenreichii in the gastrointestinal tract of human microbiota-associated rats.
24785349	Potential of goat probiotic to bind mutagens.
30801772	The health enhancer yeast Saccharomyces cerevisiae in two types of commercial products for animal nutrition.
20670686	In vitro screening of probiotic lactic acid bacteria and prebiotic glucooligosaccharides to select effective synbiotics.
30007721	Proteomic analysis of Lactobacillus pentosus for the identification of potential markers of adhesion and other probiotic features.
	The potential of biodetoxification activity as a probiotic property of Lactobacillus reuteri.
28627169	Influence of the Fruit Juice Carriers on the Ability of Lactobacillus plantarum DSM20205 to Improve in Vitro Intestinal Barrier Integrity and Its Probiotic Properties.
	Binding of extracellular matrix molecules by probiotic bacteria.
28493927	Protective effects and functional mechanisms of Lactobacillus gasseri SBT2055 against oxidative stress.
20655416	Biochemical patterns in ovine cheese: influence of probiotic strains.
27094185	Screening of potential probiotic lactic acid bacteria based on gastrointestinal properties and perfluorooctanoate toxicity.
16968299	Lactobacillus casei metabolic potential to utilize citrate as an energy source in ripening cheese: a bioinformatics approach.
26059518	In Vitro Inhibition of 4-Nitroquinoline-1-Oxide Genotoxicity by Probiotic Lactobacillus rhamnosus IMC501.
27859340	Amino acid profile and sensory characteristics of dry fermented pork loins produced with a mixture of probiotic starter cultures.
25309908	The probiotic Bifidobacterium breve B632 inhibited the growth of Enterobacteriaceae within colicky infant microbiota cultures.
22850385	The first dairy product exclusively fermented by Propionibacterium freudenreichii: a new vector to study probiotic potentialities in vivo.
17897220	Induction of acid resistance in Bifidobacterium: a mechanism for improving desirable traits of potentially probiotic strains.
29690547	Stability of Antiradical Activity of Protein Extracts and Hydrolysates from Dry-Cured Pork Loins with Probiotic Strains of LAB.
15650688	Probiotication of tomato juice by lactic acid bacteria.
11205957	"Potential probiotic lactic acid bacteria Lactobacillus rhamnosus (HN001), Lactobacillus acidophilus (HN017) and Bifidobacterium lactis (HN019) do not degrade gastric mucin in vitro."
22417437	"Implantation ability of the potential probiotic strain, Lactobacillus reuteri PL519, in ""Salchichón,"" a traditional Iberian dry fermented sausage."
	Lactobacillus plantarum IFPL935 impacts colonic metabolism in a simulator of the human gut microbiota during feeding with red wine polyphenols.
28317737	Identification of the key excreted molecule by Lactobacillus fermentum related to host iron absorption.
12926870	Andean yacon root (Smallanthus sonchifolius Poepp. Endl) fructooligosaccharides as a potential novel source of prebiotics.
	"Comment on ""Some immunomodulatory effects of probiotic bacteria might be due to porcine neutrophil elastase inhibitor, a serpin present in MRS broth"" [Immunol. Lett. (December) (in press) 1]."
29465736	Fermentation of non-digestible raffinose family oligosaccharides and galactomannans by probiotics.
17681806	Selection and optimization procedure of synbiotic for cholesterol removal.
31665018	A metabolic reconstruction of Lactobacillus reuteri JCM 1112 and analysis of its potential as a cell factory.
	"Resistant starch, large bowel fermentation and a broader perspective of prebiotics and probiotics."
21779970	Transcriptome analysis of probiotic Lactobacillus casei Zhang during fermentation in soymilk.
32726414	Genome scale metabolic models and analysis for evaluating probiotic potentials.
	Probiotic properties of Oxalobacter formigenes: an in vitro examination.
31538358	Efficient engineered probiotics using synthetic biology approaches: A review.
27611800	Comparative proteomic analyses for elucidating metabolic changes during EPS production under different fermentation temperatures by Lactobacillus plantarum Q823.
27834122	Metabolic Engineering for Probiotics and their Genome-Wide Expression Profiling.
	Optimization of cholesterol removal by probiotics in the presence of prebiotics by using a response surface method.
24988871	Chicken intestinal microbiota function with a special emphasis on the role of probiotic bacteria.
17611130	Functional petit-suisse cheese: measure of the prebiotic effect.
20224931	Probiotic-induced reduction of gastrointestinal oxalate absorption in healthy subjects.
30041482	Metabolism of Caprine Milk Carbohydrates by Probiotic Bacteria and Caco-2:HT29⁻MTX Epithelial Co-Cultures and Their Impact on Intestinal Barrier Integrity.
19448966	Ability of probiotic Lactobacillus casei DN 114001 to bind or/and metabolise heterocyclic aromatic amines in vitro.
	A comparative in vitro evaluation of the fermentation properties of prebiotic oligosaccharides.
	"Some immunomodulatory effects of probiotic bacteria might be due to porcine neutrophil elastase inhibitor, a serpin present in MRS broth."
18642926	Assessment on the fermentability of xylooligosaccharides from rice husks by probiotic bacteria.
31004646	Isolation and structural characterization of levan produced by probiotic Bacillus tequilensis-GM from Tunisian fermented goat milk.
21953238	Are melibiose-fermenting intestinal and alpechin strains of Saccharomyces cerevisiae a novel type of yeast probiotics?
32684482	Growth of lactic acid bacteria in milk phospholipids enhances their adhesion to Caco-2 cells.
29494892	Evaluating the probiotic potential and technological characteristics of yeasts implicated in cv. Kalamata natural black olive fermentation.
25881712	Effect of probiotics on enrofloxacin disposition in gastrointestinal tract of poultry.
31299361	Functional genome annotation depicts probiotic properties of Bacillus velezensis FTC01.
22790540	Antioxidant properties of potentially probiotic bacteria: in vitro and in vivo activities.
	[Probiotic bacteria in the human gastrointestinal tract as a factor stimulating the immune system].
14633035	Production of antibacterial substances by bifidobacterial isolates from infant stool active against Listeria monocytogenes.
29775057	Analysis of Improved Nutritional Composition of Potential Functional Food (Okara) after Probiotic Solid-State Fermentation.
18537661	Life under stress: the probiotic stress response and how it may be manipulated.
	Impact on human health of microorganisms present in fermented dairy products: an overview.
29300336	Characterization of a Potential Probiotic Lactobacillus brevis RK03 and Efficient Production of γ-Aminobutyric Acid in Batch Fermentation.
21742394	Production of bioactive substances by intestinal bacteria as a basis for explaining probiotic mechanisms: bacteriocins and conjugated linoleic acid.
19953302	"Probiotic lactic acid bacterium from kanjika as a potential source of vitamin B12: evidence from LC-MS, immunological and microbiological techniques."
30485295	Dopamine production in Enterococcus faecium: A microbial endocrinology-based mechanism for the selection of probiotics based on neurochemical-producing potential.
	Early nutritional environment: focus on health effects of microbiota and probiotics.
28482838	Beneficial effects on host energy metabolism of short-chain fatty acids and vitamins produced by commensal and probiotic bacteria.
20801536	Lactobacilli as multifaceted probiotics with poorly disclosed molecular mechanisms.
17897193	Endogenous beta-glucosidase and beta-galactosidase activities from selected probiotic micro-organisms and their role in isoflavone biotransformation in soymilk.
29207096	Therapeutic effect of herb residue fermentation supernatant on spleen‑deficient mice.
20706146	Interaction of Saccharomyces boulardii with intestinal brush border membranes: key to probiotic effects?
20492303	Enhancing the biotransformation of isoflavones in soymilk supplemented with lactose using probiotic bacteria during extended fermentation.
19936814	Optimization of probiotic and lactic acid production by Lactobacillus plantarum in submerged bioreactor systems.
	Effect of Pufa Substrates on Fatty Acid Profile of Bifidobacterium breve Ncimb 702258 and CLA/CLNA Production in Commercial Semi-Skimmed Milk.
27907152	Dietary Probiotic Bacillus subtilis Strain fmbj Increases Antioxidant Capacity and Oxidative Stability of Chicken Breast Meat during Storage.
34407819	Production of neoagarooligosaccharides by probiotic yeast Saccharomyces cerevisiae var. boulardii engineered as a microbial cell factory.
32124914	Probiotic antigenotoxic activity as a DNA bioprotective tool: a minireview with focus on endocrine disruptors.
17381985	Products formed during fermentation of the prebiotic inulin with human gut flora enhance expression of biotransformation genes in human primary colon cells.
18459790	Effect of glucose in removal of microcystin-LR by viable commercial probiotic strains and strains isolated from dadih fermented milk.
33789555	Metabarcoding analysis of gut microbiota of healthy individuals reveals impact of probiotic and maltodextrin consumption.
30772890	Probiotic Enterococcus faecalis AG5 effectively assimilates cholesterol and produces fatty acids including propionate.
16266797	Kinetic analysis of the antibacterial activity of probiotic lactobacilli towards Salmonella enterica serovar Typhimurium reveals a role for lactic acid and other inhibitory compounds.
32775416	Isolation and Characterization of Probiotic LAB from Kimchi and Spontaneously Fermented Teff (Eragrostis tef (Zucc.) Trotter) Batter: Their Effects on Phenolic Content of Teff during Fermentation.
30173208	"Gut dysbiosis, leaky gut, and intestinal epithelial proliferation in neurological disorders: towards the development of a new therapeutic using amino acids, prebiotics, probiotics, and postbiotics."
	Probiotic spectra of lactic acid bacteria (LAB).
31732058	Effects of probiotics on the content and bioaccessibility of phenolic compounds in red pitaya pulp.
	Characterization of surface layer proteins and its role in probiotic properties of three Lactobacillus strains.
20688240	Effect of fermentation by pure and mixed cultures of Streptococcus thermophilus and Lactobacillus helveticus on isoflavone and B-vitamin content of a fermented soy beverage.
22916878	"The effect of NaCl substitution with KCl on Akawi cheese: chemical composition, proteolysis, angiotensin-converting enzyme-inhibitory activity, probiotic survival, texture profile, and sensory properties."
30701968	Metabolization of the Advanced Glycation End Product N-ε-Carboxymethyllysine (CML) by Different Probiotic E. coli Strains.
24987799	Effects of Lactobacillus rhamnosus GG on hepatic and serum lipid profiles in zebrafish exposed to ethanol.
27161258	Deciphering a unique biotin scavenging pathway with redundant genes in the probiotic bacterium Lactococcus lactis.
19120917	Maple sap as a rich medium to grow probiotic lactobacilli and to produce lactic acid.
19307614	"Probiotic in lamb rennet paste enhances rennet lipolytic activity, and conjugated linoleic acid and linoleic acid content in Pecorino cheese."
23282249	Probiotic metabolites as epigenetic targets in the prevention of colon cancer.
25028153	Development of a non-dairy probiotic fermented product based on almond milk and inulin.
28254340	Evaluation of tyrosinase inhibitory and antioxidant activities of Angelica dahurica root extracts for four different probiotic bacteria fermentations.
24564619	The influence of probiotics on zebrafish Danio rerio innate immunity and hepatic stress.
17992983	Effect of a probiotic mixed culture on texture profile and sensory performance of Minas fresh cheese in comparison with the traditional products.
30530241	Harnessing CRISPR-Cas systems for precision engineering of designer probiotic lactobacilli.
28578043	Moisture content during extrusion of oats impacts the initial fermentation metabolites and probiotic bacteria during extended fermentation by human fecal microbiota.
	Utilization of different types of dietary fibres by potential probiotics.
30973185	Postbiotics produced at laboratory and industrial level as potential functional food ingredients with the capacity to protect mice against Salmonella infection.
25592630	Bioactivity of water soluble extracts and some characteristics of white cheese during the ripening period as effected by packaging type and probiotic adjunct cultures.
28517912	Keeping good friends close - The surface and secreted proteomes of a probiotic bacterium provide candidate proteins for intestinal attachment and communication with the host.
21494803	Metabolism of L-selenomethionine and selenite by probiotic bacteria: in vitro and in vivo studies.
	Effect of storage temperature and media composition on the survivability of Bifidobacterium breve NCIMB 702257 in a malt hydrolisate.
25691102	Production of immune response mediators by HT-29 intestinal cell-lines in the presence of Bifidobacterium-treated infant microbiota.
32653680	"Exopolysaccharide produced by the potential probiotic Lactococcus garvieae C47: Structural characteristics, rheological properties, bioactivities and impact on fermented camel milk."
	Bacteriocin production: a probiotic trait?
28873739	Effect of symbiotic interaction between a fructooligosaccharide and probiotic on the kinetic fermentation and chemical profile of maize blended rice beverages.
23124342	"Evaluation of the probiotic potential of Bacillus polyfermenticus CJ6 isolated from Meju, a Korean soybean fermentation starter."
25317840	"Lactobacillus plantarum NCU116 improves liver function, oxidative stress and lipid metabolism in rats with high fat diet induced non-alcoholic fatty liver disease."
30462723	Lactobacillus plantarum 299V improves the microbiological quality of legume sprouts and effectively survives in these carriers during cold storage and in vitro digestion.
30981490	Preparation of Bifidobacterium breve encapsulated in low methoxyl pectin beads and its effects on yogurt quality.
20477889	"Bioconversion of isoflavone glycosides to aglycones, mineral bioavailability and vitamin B complex in fermented soymilk by probiotic bacteria and yeast."
31491376	Reversal of ciprofloxacin-induced testosterone reduction by probiotic microbes in mouse testes.
31490587	A Probiotic Spore-Based Oral Autonomous Nanoparticles Generator for Cancer Therapy.
22676388	"Improved bioavailability of dietary phenolic acids in whole grain barley and oat groat following fermentation with probiotic Lactobacillus acidophilus , Lactobacillus johnsonii , and Lactobacillus reuteri."
	Surface proteins of Propionibacterium freudenreichii are involved in its anti-inflammatory properties.
24960102	Growth-promoting effects of pepsin- and trypsin-treated caseinomacropeptide from bovine milk on probiotics.
33517000	"Fermentation of blueberry and blackberry juices using Lactobacillus plantarum, Streptococcus thermophilus and Bifidobacterium bifidum: Growth of probiotics, metabolism of phenolics, antioxidant capacity in vitro and sensory evaluation."
33382612	"Selective Utilization of the Human Milk Oligosaccharides 2'-Fucosyllactose, 3-Fucosyllactose, and Difucosyllactose by Various Probiotic and Pathogenic Bacteria."
31863307	"Aggregation, adhesion and efficacy studies of probiotic candidate Pediococcus acidilactici NCDC 252: a strain of dairy origin."
	"Lyophilized alginate-based microspheres containing Lactobacillus fermentum D12, an exopolysaccharides producer, contribute to the strain's functionality in vitro."
22790935	Treatment of bran containing bread by baking enzymes; effect on the growth of probiotic bacteria on soluble dietary fiber extract in vitro.
	"Reduction of the enniatins A, A₁, B, B₁ by an in vitro degradation employing different strains of probiotic bacteria: identification of degradation products by LC-MS-LIT."
20965320	Processing optimization of probiotic yogurt containing glucose oxidase using response surface methodology.
24211554	Effective survival of immobilized Lactobacillus casei during ripening and heat treatment of probiotic dry-fermented sausages and investigation of the microbial dynamics.
32751457	Resveratrol Favors Adhesion and Biofilm Formation of Lacticaseibacillus paracasei subsp. paracasei Strain ATCC334.
	Probiotics in animal nutrition and health.
23229571	Metabolism of biodiesel-derived glycerol in probiotic Lactobacillus strains.
17136367	Probiotic properties of Lactobacillus and Bifidobacterium strains isolated from porcine gastrointestinal tract.
12460427	Investigating the prebiotic and gas-generating effects of selected carbohydrates on the human colonic microflora.
32305832	Safeguarding of quinoa beverage production by fermentation with Lactobacillus plantarum DSM 9843.
24997036	Bacterial neuroactive compounds produced by psychobiotics.
25147806	Randomized controlled trial of strain-specific probiotic formulation (Renadyl) in dialysis patients.
29772827	"Physicochemical, Nutritional, and Organoleptic Characterization of a Skimmed Goat Milk Fermented with the Probiotic Strain Lactobacillus plantarum C4."
30656393	Probiotic effects of marine Debaryomyces hansenii CBS 8339 on innate immune and antioxidant parameters in newborn goats.
19674804	Phytate degradation by human gut isolated Bifidobacterium pseudocatenulatum ATCC27919 and its probiotic potential.
31629522	Short communication: Physicochemical features and microbial community of milk kefir using a potential probiotic Saccharomyces cerevisiae KU200284.
17132046	Genomic and metabolic studies of the impact of probiotics on a model gut symbiont and host.
	Elaboration of a probiotic oblea from whey fermented using Lactobacillus acidophilus or Bifidobacterium infantis.
19210794	Probiotic Lactobacillus reuteri biofilms produce antimicrobial and anti-inflammatory factors.
25242662	"Complete genome sequence of Bifidobacterium animalis RH, a probiotic bacterium producing exopolysaccharides."
10728552	The mucus binding of Bifidobacterium lactis Bb12 is enhanced in the presence of Lactobacillus GG and Lact. delbrueckii subsp. bulgaricus.
18931494	Acid production from sugars and sugar alcohols by probiotic lactobacilli and bifidobacteria in vitro.
22101918	Emerging molecular insights into the interaction between probiotics and the host intestinal mucosa.
26754920	The cell aggregating propensity of probiotic actinobacterial isolates: isolation and characterization of the aggregation inducing peptide pheromone.
15156046	Statistical models to optimize production of probiotic characteristics.
28393464	Exo- and surface proteomes of the probiotic bacterium Lactobacillus acidophilus NCFM.
25538960	Cholesterol-lowering potentials of lactic acid bacteria based on bile-salt hydrolase activity and effect of potent strains on cholesterol metabolism in vitro and in vivo.
	"Bacillus coagulans GBI-30, 6086 increases plant protein digestion in a dynamic, computer-controlled in vitro model of the small intestine (TIM-1)."
28968208	Efficacy and Stability studies of microbial folate fortified fruit juices prepared using probiotic microorganism.
	Technological strategies ensuring the safe arrival of beneficial microorganisms to the gut: From food processing and storage to their passage through the gastrointestinal tract.
27722779	Catabolism of citrus flavanones by the probiotics Bifidobacterium longum and Lactobacillus rhamnosus.
29729629	Study of interactions between anionic exopolysaccharides produced by newly isolated probiotic bacteria and sodium caseinate.
17449679	"Lactobacillus rhamnosus strain GG reduces aflatoxin B1 transport, metabolism, and toxicity in Caco-2 Cells."
	Psychobiotics.
	The influence of polyunsaturated fatty acids on probiotic growth and adhesion.
34153410	Comparative genomics and in silico gene evaluation involved in the probiotic potential of Bifidobacterium longum 5(1A).
33096257	Genome analysis reveals probiotic propensities of Paenibacillus polymyxa HK4.
26586378	Regulation of Hepatic Drug-Metabolizing Enzymes in Germ-Free Mice by Conventionalization and Probiotics.
25193866	Enhancement of the immune response and protection against Vibrio parahaemolyticus by indigenous probiotic Bacillus strains in mud crab (Scylla paramamosain).
25499075	"Complete genome sequence of Lactobacillus helveticus H9, a probiotic strain originated from kurut."
20951454	In vitro screening of probiotics and synbiotics according to anti-inflammatory and anti-proliferative effects.
	Production and Sensing of Butyrate in a Probiotic Escherichia coli Strain.
22545445	[Prebiotic properties of lactite and lactulose under creation of synbiotics of bacillus genus bacteria].
10508641	Functionality of probiotics and intestinal lactobacilli: light in the intestinal tract tunnel.
21535775	Improved sauerkraut production with probiotic strain Lactobacillus plantarum L4 and Leuconostoc mesenteroides LMG 7954.
15167373	Probiotics and the immune response: how much can we expect?
	Effect of the formulation and structure of monoglyceride-based gels on the viability of probiotic Lactobacillus rhamnosus upon in vitro digestion.
	Mucosal immunology and probiotics.
	An in vitro protocol for direct isolation of potential probiotic lactobacilli from raw bovine milk and traditional fermented milks.
	Improvement of lipid profile by probiotic/protective cultures: study in a non-carcinogenic small intestinal cell model.
29767727	Effects of long-term intake of a yogurt fermented with Lactobacillus delbrueckii subsp. bulgaricus 2038 and Streptococcus thermophilus 1131 on mice.
	"Commercial probiotic bacteria and prebiotic carbohydrates: a fundamental study on prebiotics uptake, antimicrobials production and inhibition of pathogens."
	[Probiotic effect on reproduction of intestinal flora of the infant].
28936766	Use of Lactobacilli in Cereal-Legume Fermentation and as Potential Probiotics towards Phytate Hydrolysis.
32156352	Use of prebiotic sources to increase probiotic viability in pectin microparticles obtained by emulsification/internal gelation followed by freeze-drying.
33712706	Metabolic engineering of probiotic Escherichia coli for cytolytic therapy of tumors.
22100233	Production of xylooligosaccharides from corncob xylan by fungal xylanase and their utilization by probiotics.
29550614	Synthetic biology in probiotic lactic acid bacteria: At the frontier of living therapeutics.
34206397	Gelatin-Graphene Oxide Nanocomposite Hydrogels for Kluyveromyces lactis Encapsulation: Potential Applications in Probiotics and Bioreactor Packings.
19372165	Identification of surface proteins involved in the adhesion of a probiotic Bacillus cereus strain to mucin and fibronectin.
20300748	A novel nitric oxide producing probiotic patch and its antimicrobial efficacy: preparation and in vitro analysis.
34328088	Probiotic fermentation of Ganoderma lucidum fruiting body extracts promoted its immunostimulatory activity in mice with dexamethasone-induced immunosuppression.
20188937	Application of a potentiometric sensor array as a technique in sensory analysis.
23330597	Increasing antioxidant activity of procyanidin extracts from the pericarp of Litchi chinensis processing waste by two probiotic bacteria bioconversions.
34684768	Effect of Vitamin C Source on Its Stability during Storage and the Properties of Milk Fermented by Lactobacillus rhamnosus.
	"I've heard a lot about the benefits of fermented foods. What, exactly, are they, and what do they do for you?"
29453726	Advances in Probiotic Regulation of Bone and Mineral Metabolism.
	Adhesion to the yeast cell surface as a mechanism for trapping pathogenic bacteria by Saccharomyces probiotics.
33930838	"Ohmic heating processing of milk for probiotic fermented milk production: Survival kinetics of Listeria monocytogenes as contaminant post-fermentation, bioactive compounds retention and sensory acceptance."
26077555	Diagnosis: Programmed probiotics light up liver cancer in urine.
27422834	Lactobacillus rhamnosus GG Outcompetes Enterococcus faecium via Mucus-Binding Pili: Evidence for a Novel and Heterospecific Probiotic Mechanism.
27793434	Psychobiotics and the Manipulation of Bacteria-Gut-Brain Signals.
16639576	Viability of human-derived probiotic lactobacilli in ice cream produced with sucrose and aspartame.
21602611	Effect of kynurenic acid on the viability of probiotics in vitro.
23791659	Ciclohexadespipeptide beauvericin degradation by different strains of Saccharomyces cerevisiae.
24100577	"Purification, crystallization and preliminary crystallographic analysis of the SpaA backbone-pilin subunit from probiotic Lactobacillus rhamnosus GG."
	Microbial response to acid stress: mechanisms and applications.
10540745	Effects of a probiotic on the lipid metabolism of cocks fed on a cholesterol-enriched diet.
28093323	In vitro gastric survival of commercially available probiotic strains and oral dosage forms.
18500812	Effects of lactulose supplementation on the growth of bifidobacteria and biotransformation of isoflavone glycosides to isoflavone aglycones in soymilk.
23400948	Bioactivity of probiotic whey cheese: characterization of the content of peptides and organic acids.
22622837	Impact of plant derivatives on the growth of foodborne pathogens and the functionality of probiotics.
10712073	"but quantitation of probiotics, cytokines and organ substrate flux is more problematical."
	Unraveling the probiotic efficiency of bacterium Pediococcus pentosaceus OBK05 isolated from buttermilk: An in vitro study for cholesterol assimilation potential and antibiotic resistance status.
18034741	"Acid, bile, and heat tolerance of free and microencapsulated probiotic bacteria."
22004606	"Physicochemical, microbiological and sensory profiles of fermented milk containing probiotic strains isolated from kefir."
16702308	Bioproduction of conjugated linoleic acid by probiotic bacteria occurs in vitro and in vivo in mice.
	Microbiome and diabetes: Where are we now?
24679263	Rational identification of diet-derived postbiotics for improving intestinal microbiota function.
33843197	In Situ Biomanufacturing of Small Molecules in the Mammalian Gut by Probiotic Saccharomyces boulardii.
17714393	A comparison of changes in the transformation of isoflavones in soymilk using varying concentrations of exogenous and probiotic-derived endogenous beta-glucosidases.
22265282	Technological and probiotic role of adjunct cultures of non-starter lactobacilli in soft cheeses.
29538430	"Genomic insights into the broad antifungal activity, plant-probiotic properties, and their regulation, in Pseudomonas donghuensis strain SVBP6."
	Autoinducer-2 plays a crucial role in gut colonization and probiotic functionality of Bifidobacterium breve UCC2003.
12418801	Effect of probiotic fermentation on antinutrients and in vitro protein and starch digestibilities of indigenously developed RWGT food mixture.
32755264	New immunobiotics from highly proteolytic Lactobacillus delbrueckii strains: their impact on intestinal antiviral innate immune response.
31257793	The Joint Effect of pH Gradient and Glucose Feeding on the Growth Kinetics of Lactococcus lactis CECT 539 in Glucose-Limited Fed-Batch Cultures.
24219515	"Effects of direct-fed microbial supplementation on broiler performance, intestinal nutrient transport and integrity under experimental conditions with increased microbial challenge."
20923582	Hypocholesterolaemic effect of dietary inclusion of two putative probiotic bile salt hydrolase-producing Lactobacillus plantarum strains in Sprague-Dawley rats.
	Influence of probiotics on rat liver biotransformation enzymes.
24188369	Comparison of the effects of hyaluronidase and hyaluronic acid on probiotics growth.
25527533	Exopolysaccharide production and ropy phenotype are determined by two gene clusters in putative probiotic strain Lactobacillus paraplantarum BGCG11.
23092239	Acid production in dental plaque after exposure to probiotic bacteria.
18300344	Probiotic Leuconostoc mesenteroides ssp. cremoris and Streptococcus thermophilus induce IL-12 and IFN-gamma production.
16269795	Application of measurements of transepithelial electrical resistance of intestinal epithelial cell monolayers to evaluate probiotic activity.
17110980	Probiotic bacteria as potential detoxification tools: assessing their heavy metal binding isotherms.
19756155	Comparison of the immunomodulatory properties of three probiotic strains of Lactobacilli using complex culture systems: prediction for in vivo efficacy.
26415658	"Complete genome sequence of Lactobacillus paracasei L9, a new probiotic strain with high lactic acid-producing capacity."
14633020	Multiple competitive PCR-DGGE as a tool for quantifying and profiling defined mixed cultures of lactic acid bacteria during production of probiotics from complex polysaccharides.
30816592	Diversity of probiotic adhesion genes in the gastrointestinal tract of goats.
	Adaptation factors of the probiotic Lactobacillus rhamnosus GG.
	Manufacture of Cheddar cheese using probiotic Lactobacillus plantarum K25 and its cholesterol-lowering effects in a mice model.
21674190	Relative gene expression of bile salt hydrolase and surface proteins in two putative indigenous Lactobacillus plantarum strains under in vitro gut conditions.
	The Immunostimulatory Effect of Lactic Acid Bacteria in a Rat Model.
25010287	Probiotic lactic acid bacteria detoxify N-nitrosodimethylamine.
22720908	Encapsulation of probiotic bacteria in lamb rennet paste: effects on the quality of Pecorino cheese.
15659182	Importance of S-layer proteins in probiotic activity of Lactobacillus acidophilus M92.
30810943	Microencapsulation of endophytic LAB (KCC-41) and its probiotic and fermentative potential for cabbage kimchi.
	Antimicrobial activity of lactic acid bacteria in dairy products and gut: effect on pathogens.
21981311	Application of response surface methodology in the optimisation of a growth medium for enhanced natural preservative bacteriocin production by a probiotic bacterium.
32968964	In Vitro Evaluation of Enriched Brewers' Spent Grains Using Bacillus subtilis WX-17 as Potential Functional Food Ingredients.
11014524	"Chemical, physical and enzymatic pre-treatments of probiotic lactobacilli alter their adhesion to human intestinal mucus glycoproteins."
23899589	Proteome changes in the intestinal mucosa of broiler (Gallus gallus) activated by probiotic Enterococcus faecium.
22612915	Characterization of a Panela cheese with added probiotics and fava bean starch.
	Should yoghurt cultures be considered probiotic?
33554596	Characterizing Different Probiotic-Derived Extracellular Vesicles as a Novel Adjuvant for Immunotherapy.
11132841	"Characterization and purification of a bacteriocin produced by a potential probiotic culture, Lactobacillus acidophilus 30SC."
21763196	Characterization of adhesive molecule with affinity to Caco-2 cells in Lactobacillus acidophilus by proteome analysis.
	Lactobacillus salivarius: bacteriocin and probiotic activity.
10375134	"Survival of a probiotic, Lactobacillus casei strain Shirota, in the gastrointestinal tract: selective isolation from faeces and identification using monoclonal antibodies."
18211356	"Production of beta-glucosidase and hydrolysis of isoflavone phytoestrogens by Lactobacillus acidophilus, Bifidobacterium lactis, and Lactobacillus casei in soymilk."
24747989	Thermopressurized diluted phosphoric acid pretreatment of ligno(hemi)cellulose to make free sugars and nutraceutical oligosaccharides.
21840698	Effects of synbiotic fermentation products on primary chemoprevention in human colon cells.
31111992	Effects of the presence of probiotic bacteria in the aging medium on the surface roughness and chemical composition of two dental alloys.
33098675	Evaluation of the probiotic and functional potential of Lactobacillus agilis 32 isolated from pig manure.
22925894	Probiotics promote endocytic allergen degradation in gut epithelial cells.
33421121	"Probiotics-fermented blueberry juices as potential antidiabetic product: antioxidant, antimicrobial and antidiabetic potentials."
24938520	"Comparison of procedures for the extraction of supernatants and cytotoxicity tests in Vero cells, applied to assess the toxigenic potential of Bacillus spp. and Lactobacillus spp., intended for use as probiotic strains."
23522678	Physicochemical properties of Scamorza ewe milk cheese manufactured with different probiotic cultures.
15542102	Consumption of Bifidobacterium lactis LKM512 yogurt reduces gut mutagenicity by increasing gut polyamine contents in healthy adult subjects.
	The effect of probiotic strains on the microbiota of the Simulator of the Human Intestinal Microbial Ecosystem (SHIME).
28106205	"Synbiotic Amazonian palm berry (açai, Euterpe oleracea Mart.) ice cream improved Lactobacillus rhamnosus GG survival to simulated gastrointestinal stress."
23721811	In vitro evaluation of the impact of human background microbiota on the response to Bifidobacterium strains and fructo-oligosaccharides.
30658319	"Antifungal activities against Candida albicans, of cell-free supernatants obtained from probiotic Pediococcus acidilactici HW01."
29554313	Effect of direct-fed microbial addition in guinea fowl (Numida meleagris) diets on performance and health responses.
31547574	The Impact of Lactoferrin on the Growth of Intestinal Inhabitant Bacteria.
18777247	"Characterization of alpha,alpha-trehalase released in the intestinal lumen by the probiotic Saccharomyces boulardii."
29080817	Production and structural characterization of exopolysaccharides from newly isolated probiotic lactic acid bacteria.
19748697	AI-2 signalling is induced by acidic shock in probiotic strains of Lactobacillus spp.
	"[Prospects of the development of probiotic preparations on the basis of the ""quorum sensing"" in bacteria]."
12459347	Nutrigenomics: exploiting systems biology in the nutrition and health arena.
	The human vaginal microbial community.
	"An in vitro study of the effect of probiotics, prebiotics and synbiotics on the elderly faecal microbiota."
	[Teichoic acids from lactic acid bacteria].
	Epithelial cell adhesion and gastrointestinal colonization of Lactobacillus in poultry.
23405142	"Fermentation of Propionibacterium acnes, a commensal bacterium in the human skin microbiome, as skin probiotics against methicillin-resistant Staphylococcus aureus."
19596893	Effects of probiotics and commensals on intestinal epithelial physiology: implications for nutrient handling.
25524863	Impact of probiotic Lactobacillus plantarum TENSIA in different dairy products on anthropometric and blood biochemical indices of healthy adults.
10077953	"[The ecological, taxonomic and biotechnology aspects of research on bacteria and higher plants that produce biologically active substances]."
28069496	Probiotic E. coli Nissle 1917 biofilms on silicone substrates for bacterial interference against pathogen colonization.
30006634	Probiotics in human gut microbiota can degrade host glycosaminoglycans.
12449758	[Comparative evaluation of probiotic activity in respect to in vitro pneumotropic bacteria and pharmacodynamics of biosporin-strain producers in patients with chronic obstructive pulmonary diseases].
29547508	The Use of Biosensors to Explore the Potential of Probiotic Strains to Reduce the SOS Response and Mutagenesis in Bacteria.
	Probiotic features of Lactobacillus plantarum mutant strains.
32861486	Short communication: Modulation of fatty acid metabolism improves oxygen tolerance of Bifidobacterium animalis ssp. lactis Probio-M8.
29101366	Identification of an analgesic lipopeptide produced by the probiotic Escherichia coli strain Nissle 1917.
21056776	Microbiological and physicochemical quality of fresh-cut apple enriched with the probiotic strain Lactobacillus rhamnosus GG.
22720919	"Microstructural, textural, and sensory characteristics of probiotic yogurts fortified with sodium calcium caseinate or whey protein concentrate."
19500868	Coculture of Bifidobacterium longum and Bifidobacterium breve alters their protein expression profiles and enzymatic activities.
29107841	A novel non-dairy beverage from durian pulp fermented with selected probiotics and yeast.
	Cholesterol removal by some lactic acid bacteria that can be used as probiotic.
22981567	Survival of microencapsulated probiotic Lactobacillus paracasei LBC-1e during manufacture of Mozzarella cheese and simulated gastric digestion.
	The early response to acid shock in Lactobacillus reuteri involves the ClpL chaperone and a putative cell wall-altering esterase.
	"Screening, Isolation and Identification of Probiotic Producing Lactobacillus acidophilus Strains EMBS081 & EMBS082 by 16S rRNA Gene Sequencing."
19194563	The effect of lactic acid bacteria isolates on the urinary tract pathogens to infants in vitro.
19933353	Association of beta-glucan endogenous production with increased stress tolerance of intestinal lactobacilli.
	Probiotic mechanisms of action.
17381748	Optimization of carbon and nitrogen sources and growth factors for the production of an aquaculture probiotic (Pseudomonas MCCB 103) using response surface methodology.
34288820	Enzymatically synthesized exopolysaccharide of a probiotic strain Leuconostoc mesenteroides NTM048 shows adjuvant activity to promote IgA antibody responses.
	"Protective activity of probiotic bacteria against 2-amino-3-methyl-3H-imidazo[4,5-f]quinoline (IQ) and 2-amino-1-methyl-6-phenyl-1H-imidazo[4,5-b]pyridine (PhIP) - an in vitro study."
22192187	Short communication: Identification and differentiation of bifidobacteria obtained from Ukraine.
9631333	Effect of intestinal Lactobacillus starter cultures on the behaviour of Staphylococcus aureus in fermented sausage.
31316718	Biotransformation of Cranberry Proanthocyanidins to Probiotic Metabolites by Lactobacillus rhamnosus Enhances Their Anticancer Activity in HepG2 Cells In Vitro.
21466043	Probiotic properties of yeasts isolated from chicken feces and kefirs.
31028812	Protective effects of exopolysaccharide of a medicinal fungus on probiotic bacteria during cold storage and simulated gastrointestinal conditions.
30984339	Chitosan Oligosaccharides Show Protective Effects in Coronary Heart Disease by Improving Antioxidant Capacity via the Increase in Intestinal Probiotics.
26341205	Impact of Environmental Factors on Bacteriocin Promoter Activity in Gut-Derived Lactobacillus salivarius.
	[Evaluation of the effect of probiotic cultures on two different yogurt brands over a known population of Staphylococcus aureus and the production of thermonuclease].
	"Adhesion and colonization of potential probiont Pseudomonas aeruginosa FARP(72) in the intestine of yellowtail catfish, Pangasius pangasius."
32194178	In vitro probiotic properties of Pediococcus pentosaceus L1 and its effects on enterotoxigenic Escherichia coli-induced inflammatory responses in porcine intestinal epithelial cells.
22281315	Manufacture of Fior di Latte cheese by incorporation of probiotic lactobacilli.
26165315	Anticancer and Anti-Inflammatory Activity of Probiotic Lactococcus lactis NK34.
21602388	Functional characterization of a mucus-specific LPXTG surface adhesin from probiotic Lactobacillus rhamnosus GG.
30567428	Shear-Enhanced Dynamic Adhesion of Lactobacillus rhamnosus GG on Intestinal Epithelia: Correlative Effect of Protein Expression and Interface Mechanics.
	"[The role of gut microbiota in chronic liver diseases, and treatment possibilities]."
	Functional and probiotic attributes of an indigenous isolate of Lactobacillus plantarum.
22806742	The effect of cell immobilization on the antibacterial activity of Lactobacillus reuteri DPC16 cells during passage through a simulated gastrointestinal tract system.
	Oral administration of red ginseng powder fermented with probiotic alleviates the severity of dextran-sulfate sodium-induced colitis in a mouse model.
11518430	In vitro adherence properties of Lactobacillus rhamnosus DR20 and Bifidobacterium lactis DR10 strains and their antagonistic activity against an enterotoxigenic Escherichia coli.
21787909	Some low homogenization pressures improve certain probiotic characteristics of yogurt culture bacteria and Lactobacillus acidophilus LA-K.
22024313	Evaluation of chitoligosaccharides effect upon probiotic bacteria.
26505375	Intestinal lactic acid bacteria from Muscovy duck as potential probiotics that alter adhesion factor gene expression.
16018221	[Study of adhesive properties of bacteria with promise for creation of complex probiotic preparations].
19621178	[Probiotic properties of Lactobacillus spp isolated from gastric biopsies of Helicobacter pylori infected and non-infected individuals].
28964998	Effect of Pseudomonas graminis strain CPA-7 on the ability of Listeria monocytogenes and Salmonella enterica subsp. enterica to colonize Caco-2 cells after pre-incubation on fresh-cut pear.
12392540	16S ribosomal DNA analysis of the faecal lactobacilli composition of human subjects consuming a probiotic strain Lactobacillus acidophilus NCFM.
12969489	Development of a quantitative tool for the comparison of the prebiotic effect of dietary oligosaccharides.
22054064	Comparative effects of six probiotic strains on immune function in vitro.
	Generation of NO by probiotic bacteria in the gastrointestinal tract.
21188548	Bacillus spp. of human origin: a potential siderophoregenic probiotic bacteria.
20524986	The chemical code of porcine enteric neurons and the number of enteric glial cells are altered by dietary probiotics.
23673477	"Molecular cloning, characterization and heterologous expression of bile salt hydrolase (Bsh) from Lactobacillus fermentum NCDO394."
23027344	"Immunohistochemical localization and morphometry of somatotrophs and lactotrophs in protein, probiotic and symbiotic supplemented molted layers."
26997202	Host-derived probiotics Enterococcus casseliflavus improves resistance against Streptococcus iniae infection in rainbow trout (Oncorhynchus mykiss) via immunomodulation.
27606488	Characterization of the Microbial Diversity and Chemical Composition of Gouda Cheese Made by Potential Probiotic Strains as an Adjunct Starter Culture.
23875313	"In vitro characterization of gastrointestinal behavior of Butyricicoccus pullicaecorum, a novel butyrate producing isolate with probiotic potential to counterbalance dysbiosis in inflammatory bowel disease."
33096690	Comparative Genomics of the Transport Proteins of Ten Lactobacillus Strains.
	"Gut microbiota, probiotics and inflammatory bowel disease."
15479427	Application of genotypic and phenotypic analyses to commercial probiotic strain identity and relatedness.
25116382	Heat-killed probiotic bacteria differentially regulate colonic epithelial cell production of human β-defensin-2: dependence on inflammatory cytokines.
25367285	"Biochemical, kinetic, and in silico characterization of DING protein purified from probiotic lactic acid bacteria Pediococcus acidilactici NCDC 252."
30810991	Effect of potential probiotic Leuconostoc mesenteroides FB111 in prevention of cholesterol absorption by modulating NPC1L1/PPARα/SREBP-2 pathways in epithelial Caco-2 cells.
	Adhesion of some probiotic and dairy Lactobacillus strains to Caco-2 cell cultures.
11238211	Adherence of probiotic bacteria to human intestinal mucus in healthy infants and during rotavirus infection.
24480321	Lactobacillus rhamnosus and its cell-free culture supernatant differentially modulate inflammatory biomarkers in Escherichia coli-challenged human dendritic cells.
23360166	Effects of selenium-enriched probiotics on heat shock protein mRNA levels in piglet under heat stress conditions.
29679417	A probiotic modulates the microbiome and immunity in multiple sclerosis.
	Survival of freeze-dried microcapsules of α-galactosidase producing probiotics in a soy bar matrix.
22092821	Human cecum content modulates production of extracellular proteins by food and probiotic bacteria.
23084889	The effect of NaCl substitution with KCl on proteinase activities of cell-free extract and cell-free supernatant at different pH levels and salt concentrations: Lactobacillus acidophilus and Lactobacillus casei.
24666842	Use of cheese whey for biomass production and spray drying of probiotic lactobacilli.
16041036	Probiotics reduce enterohemorrhagic Escherichia coli O157:H7- and enteropathogenic E. coli O127:H6-induced changes in polarized T84 epithelial cell monolayers by reducing bacterial adhesion and cytoskeletal rearrangements.
20150236	The antimicrobial compound reuterin (3-hydroxypropionaldehyde) induces oxidative stress via interaction with thiol groups.
32396232	Mucus blocks probiotics but increases penetration of motile pathogens and induces TNF-α and IL-8 secretion.
14632999	Rapid determination of vitamin B2 secretion by bacteria growing on solid media.
21660136	Role of natural killer and dendritic cell crosstalk in immunomodulation by commensal bacteria probiotics.
	"[Intestinal flora, probiotics and effects on the intestinal IgA immune response]."
15212805	Developing a quantitative approach for determining the in vitro prebiotic potential of dietary oligosaccharides.
28344124	Comparative genomics of transport proteins in probiotic and pathogenic Escherichia coli and Salmonella enterica strains.
18694575	Protective effects of a heme oxygenase-1-secreting Lactococcus lactis on mucosal injury induced by hemorrhagic shock in rats.
17630761	Comparison between discontinuous and continuous lactose conversion processes for the production of prebiotic galacto-oligosaccharides using beta-galactosidase from Lactobacillus reuteri.
30761447	Purification and Physicochemical Characterization of a Novel Thermostable Xylanase Secreted by the Fungus Myceliophthora heterothallica F.2.1.4.
26354790	"Benefits of combinative application of probiotic, enterocin M-producing strain Enterococcus faecium AL41 and Eleutherococcus senticosus in rabbits."
12215184	Competition for adhesion between probiotics and human gastrointestinal pathogens in the presence of carbohydrate.
27487076	Outer Membrane Vesicles from the Probiotic Escherichia coli Nissle 1917 and the Commensal ECOR12 Enter Intestinal Epithelial Cells via Clathrin-Dependent Endocytosis and Elicit Differential Effects on DNA Damage.
26019220	Programmable probiotics for detection of cancer in urine.
23666481	"Effects of Clostridium butyricum and Enterococcus faecium on growth performance, lipid metabolism, and cecal microbiota of broiler chickens."
	Survival and metabolic activity of the GanedenBC30 strain of Bacillus coagulans in a dynamic in vitro model of the stomach and small intestine.
26952171	"GFP tagged Vibrio parahaemolyticus Dahv2 infection and the protective effects of the probiotic Bacillus licheniformis Dahb1 on the growth, immune and antioxidant responses in Pangasius hypophthalmus."
22264088	"Growth, bioconversion of isoflavones and probiotic properties of parent and subsequent passages of Lactobacillus upon ultraviolet radiation."
22889228	Design of a novel gut bacterial adhesion model for probiotic applications.
22265284	"Characterization of functional, safety, and probiotic properties of Enterococcus faecalis UGRA10, a new AS-48-producer strain."
9763692	The colonization of a simulator of the human intestinal microbial ecosystem by a probiotic strain fed on a fermented oat bran product: effects on the gastrointestinal microbiota.
27376279	In Situ Electron Microscopy of Lactomicroselenium Particles in Probiotic Bacteria.
29912397	"Streptomyces, shared microbiome member of soil and gut, as 'old friends' against colon cancer."
30353739	Bioactive factors secreted by Bifidobacterium breve B-3 enhance barrier function in human intestinal Caco-2 cells.
30860402	Deciphering the influence of paraimmunobiotic bifidobacteria on the innate antiviral immune response of bovine intestinal epitheliocytes by transcriptomic analysis.
29523547	A Mutation in PGM2 Causing Inefficient Galactose Metabolism in the Probiotic Yeast Saccharomyces boulardii.
24072764	Synergistic antibacterial efficacies of the combination of bovine lactoferrin or its hydrolysate with probiotic secretion in curbing the growth of meticillin-resistant Staphylococcus aureus.
12868278	[Evaluation of the activity of probiotic cultures over Listeria monocytogenes during the production and storage of yogurt].
23522674	Composition and sensory profiling of probiotic Scamorza ewe milk cheese.
20075040	Inulin and levan synthesis by probiotic Lactobacillus gasseri strains: characterization of three novel fructansucrase enzymes and their fructan products.
	"Prebiotics, probiotics and digestive health."
29407393	Functional cream cheese supplemented with Bifidobacterium animalis subsp. lactis DSM 10140 and Lactobacillus reuteri DSM 20016 and prebiotics.
33958508	Application of the Combination of Soybean Lecithin and Whey Protein Concentrate 80 to Improve the Bile Salt and Acid Tolerance of Probiotics.
10100899	Effect of bifidobacteria feeding on fecal flora and production of immunoglobulins in lactating mouse.
18040988	Bifidobacterium carbohydrases-their role in breakdown and synthesis of (potential) prebiotics.
22479389	"Identification and characterization of microcin S, a new antibacterial peptide produced by probiotic Escherichia coli G3/10."
23544154	Genomic analysis by deep sequencing of the probiotic Lactobacillus brevis KB290 harboring nine plasmids reveals genomic stability.
20920833	"Protective effects of Lactobacilli, Bifidobacteria and Staphylococci on the infection of cultured HT29 cells with different enterohemorrhagic Escherichia coli serotypes are strain-specific."
30099746	"In vitro evaluation of antagonism, modulation of cytokines and extracellular matrix proteins by Bifidobacterium strains."
30621871	Characterization of folate production and probiotic potential of Streptococcus gallolyticus subsp. macedonicus CRL415.
	The Inflammatory Response to Enterotoxigenic E. coli and Probiotic E. faecium in a Coculture Model of Porcine Intestinal Epithelial and Dendritic Cells.
28230606	Secretions of Bifidobacterium infantis and Lactobacillus acidophilus Protect Intestinal Epithelial Barrier Function.
18420603	Influence of lamb rennet paste containing probiotic on proteolysis and rheological properties of pecorino cheese.
22287006	Tumor necrosis factor alpha modulates the dynamics of the plasminogen-mediated early interaction between Bifidobacterium animalis subsp. lactis and human enterocytes.
19954356	Gut microbiota and probiotics in modulation of epithelium and gut-associated lymphoid tissue function.
	New convenient defined media for [(35)S]methionine labelling and proteomic analyses of probiotic lactobacilli.
	Dynamic comparison on the usage of probiotics in organic wastewater treatment under aerobic conditions in a diurnal environment.
25000724	[Effect of inorganic phosphate on the properties of Lactobacilli probiotic strains].
25874563	Plants probiotics as a tool to produce highly functional fruits: the case of phyllobacterium and vitamin C in strawberries.
23798531	Probiotic Lactobacillus reuteri attenuates the stressor-enhanced severity of Citrobacter rodentium infection.
24971351	Development of a potential probiotic fresh cheese using two Lactobacillus salivarius strains isolated from human milk.
32687709	Short-Chain Cello-oligosaccharides: Intensification and Scale-up of Their Enzymatic Production and Selective Growth Promotion among Probiotic Bacteria.
30680424	In vitro assessment of pediococci- and lactobacilli-induced cholesterol-lowering effect using digitally enhanced high-performance thin-layer chromatography and confocal microscopy.
27178180	Antioxidative effects in vivo and colonization of Lactobacillus plantarum MA2 in the murine intestinal tract.
22996620	The effect of probiotic-fermented soy milk on enhancing the NO-mediated vascular relaxation factors.
32988256	Beneficial effect of probiotics on Pseudomonas aeruginosa-infected intestinal epithelial cells through inflammatory IL-8 and antimicrobial peptide human beta-defensin-2 modulation.
31511589	New crosstalk between probiotics Lactobacillus plantarum and Bacillus subtilis.
27297392	"Interleukin-8, CXCL1, and MicroRNA miR-146a Responses to Probiotic Escherichia coli Nissle 1917 and Enteropathogenic E. coli in Human Intestinal Epithelial T84 and Monocytic THP-1 Cells after Apical or Basolateral Infection."
17211541	Cytoprotective agent in Lactobacillus bulgaricus extracts.
32170384	"Production of multiple bacteriocins, including the novel bacteriocin gassericin M, by Lactobacillus gasseri LM19, a strain isolated from human milk."
26959526	Differential proteome and cellular adhesion analyses of the probiotic bacterium Lactobacillus acidophilus NCFM grown on raffinose - an emerging prebiotic.
15907450	A swine toll-like receptor 2-expressing transfectant as a potential primary screening system for immunobiotic microorganisms.
	Gluco-oligosaccharides synthesized by glucosyltransferases from constitutive mutants of Leuconostoc mesenteroides strain Lm 28.
16879452	Activity of HIV entry and fusion inhibitors expressed by the human vaginal colonizing probiotic Lactobacillus reuteri RC-14.
32638263	The Influence of Bifidobacterium bifidum and Bacteroides fragilis on Enteric Glial Cell-Derived Neurotrophic Factors and Inflammasome.
30666361	Novel strains of Bacteroides fragilis and Bacteroides ovatus alleviate the LPS-induced inflammation in mice.
18328583	The effect of probiotics and organic acids on Shiga-toxin 2 gene expression in enterohemorrhagic Escherichia coli O157:H7.
30144078	Effects of Bacillus licheniformis and Bacillus subtilis complex on growth performance and faecal noxious gas emissions in growing-finishing pigs.
20634050	Evaluation of selenite bioremoval from liquid culture by Enterococcus species.
31910436	Microvesicles from Lactobacillus reuteri (DSM-17938) completely reproduce modulation of gut motility by bacteria in mice.
17258729	Soluble proteins produced by probiotic bacteria regulate intestinal epithelial cell survival and growth.
24518984	Identification of a probiotic bacteria-derived activator of the aryl hydrocarbon receptor that inhibits colitis.
27023883	Immunobiotic Bifidobacteria Strains Modulate Rotavirus Immune Response in Porcine Intestinal Epitheliocytes via Pattern Recognition Receptor Signaling.
	The effect of pre- and probiotics on the colonic ammonia metabolism in humans as measured by lactose-[¹⁵N₂]ureide.
17953607	Reduction of vitamin K concentration by salivary Bifidobacterium strains and their possible nutritional competition with Porphyromonas gingivalis.
24416179	"Transposon mutagenesis of probiotic Lactobacillus casei identifies asnH, an asparagine synthetase gene involved in its immune-activating capacity."
28594955	Inorganic salts and intracellular polyphosphate inclusions play a role in the thermotolerance of the immunobiotic Lactobacillus rhamnosus CRL 1505.
29396554	Lactobacillus plantarum Restores Intestinal Permeability Disrupted by Salmonella Infection in Newly-hatched Chicks.
24043629	"A Lactobacillus rhamnosus GG-derived soluble protein, p40, stimulates ligand release from intestinal epithelial cells to transactivate epidermal growth factor receptor."
20148305	Probiotic Lactobacillus casei expressing human lactoferrin elevates antibacterial activity in the gastrointestinal tract.
28342077	The Influences of Bacillus subtilis on the Virulence of Aeromonas hydrophila and Expression of luxS Gene of Both Bacteria Under Co-cultivation.
